Ancestor nt;Gene position;Mutant nt;Ancestor aa;Protein position;Mutant aa;Original strain ;BFP strain;YFP strain;araC mutation;Selection coefficient;Standard deviation;Standard error;s BFP;s BFP;s BFP;s YFP;s YFP;s YFP;s BFP;s BFP;s BFP;s YFP;s YFP;s YFP;s BFP;s BFP;s BFP;s YFP;s YFP;s YFP
C;620;T;S;207;L;DA42273;DA42431;DA42462;S207L;-0,487;0,055;0,022;-0,435;-0,434;-0,442;-0,534;-0,543;-0,534;;;;;;;;;;;;
C;532;T;R;178;C;DA42270;DA42429;DA42460;R178C;-0,441;0,013;0,005;-0,454;-0,450;-0,449;-0,421;-0,437;-0,433;;;;;;;;;;;;
A;169;G;I;57;V;DA42283;DA42437;DA42468;I57V;-0,420;0,019;0,008;-0,414;-0,444;-0,441;-0,395;-0,410;-0,417;;;;;;;;;;;;
C;149;T;T;50;I;DA42286;DA42439;DA42470;T50I;-0,398;0,023;0,009;-0,419;-0,426;-0,399;-0,400;-0,369;-0,374;;;;;;;;;;;;
G;749;A;G;250;E;DA42304;DA42450;DA42481;G250E;-0,397;0,018;0,007;-0,393;-0,379;-0,373;-0,414;-0,413;-0,409;;;;;;;;;;;;
;;deletion;;;deletion;DA36684;DA45054;DA45064;deletion;-0,364;0,016;0,006;-0,375;-0,376;-0,375;-0,347;-0,367;-0,341;;;;;;;;;;;;
G;251;A;R;84;Q;DA42291;DA42443;DA42474;R84Q;-0,320;0,021;0,009;-0,348;-0,346;-0,309;-0,303;-0,313;-0,302;;;;;;;;;;;;
G;164;A;G;55;D;DA39224;DA46307;DA46309;G55D;-0,294;0,011;0,005;-0,293;-0,285;-0,282;-0,291;-0,309;-0,306;;;;;;;;;;;;
T;479;C;L;160;S;DA42299;DA42447;DA42478;L160S;-0,290;0,011;0,004;-0,274;-0,288;-0,302;-0,283;-0,297;-0,297;;;;;;;;;;;;
T;323;C;L;108;P;DA39217;DA41876;DA41877;L108P;-0,267;0,099;0,041;-0,186;-0,177;-0,165;-0,358;-0,361;-0,352;;;;;;;;;;;;
G;571;T;A;191;S;DA39805;DA41326;DA41345;A191S;-0,140;0,014;0,006;-0,134;-0,149;-0,148;-0,150;-0,114;-0,144;;;;;;;;;;;;
C;481;T;L;161;F;DA42282;DA42436;DA42467;L161F;-0,130;0,013;0,005;-0,144;-0,139;-0,138;-0,124;-0,119;-0,114;;;;;;;;;;;;
T;307;C;Y;103;H;DA39230;DA41313;DA41332;Y103H;-0,126;0,004;0,002;-0,123;-0,132;-0,120;-0,127;-0,124;-0,127;;;;;;;;;;;;
C;227;T;P;76;L;DA39197;DA41189;DA41201;P76L;-0,119;0,010;0,004;-0,103;-0,123;-0,120;-0,114;-0,130;-0,125;;;;;;;;;;;;
A;767;T;D;256;V;DA42280;DA42434;DA42465;D256V;-0,065;0,008;0,003;-0,071;-0,066;-0,059;-0,073;-0,069;-0,052;;;;;;;;;;;;
G;525;T;M;175;I;DA42301;DA42448;DA42479;M175I;-0,065;0,002;0,001;-0,067;-0,064;-0,061;-0,066;-0,066;-0,063;;;;;;;;;;;;
C;116;T;P;39;L;DA39194;DA41188;DA41200;P39L;-0,063;0,005;0,002;-0,067;-0,065;-0,065;-0,059;-0,055;-0,065;;;;;;;;;;;;
G;614;A;C;205;Y;DA39226;DA41195;DA41207;C205Y;-0,045;0,013;0,005;-0,048;-0,047;-0,048;-0,038;-0,064;-0,025;;;;;;;;;;;;
C;199;T;R;67;W;DA42288;DA42440;DA42471;R67W;-0,042;0,006;0,003;-0,050;-0,047;-0,043;-0,042;-0,036;-0,033;;;;;;;;;;;;
C;31;T;P;11;S;DA38210;DA41186;DA41198;P11S;-0,036;0,005;0,002;-0,034;-0,042;-0,042;-0,036;-0,032;-0,031;;;;;;;;;;;;
G;548;A;C;183;Y;DA39807;DA41327;DA41346;C183Y;-0,036;0,011;0,004;-0,051;-0,043;-0,040;-0,023;-0,027;-0,030;;;;;;;;;;;;
A;742;G;T;248;A;DA39212;DA41192;DA41204;T248A;-0,015;0,003;0,001;-0,017;-0,016;-0,013;-0,018;-0,015;-0,011;;;;;;;;;;;;
A;151;G;I;51;V;DA39232;DA41314;DA41333;I51V;-0,010;0,003;0,001;-0,008;-0,009;-0,005;-0,010;-0,012;-0,015;;;;;;;;;;;;
T;670;A;L;224;M;DA39202, DA44022;DA41190, DA45056;DA41202, DA45067;L224M;-0,006;0,002;0,001;-0,005;-0,007;-0,003;-0,010;-0,006;-0,005;;;;;;;;;;;;
T;29;C;L;10;S;DA39774;DA41321;DA41340;L10S;-0,005;0,004;0,002;-0,006;-0,005;0,003;-0,009;-0,009;-0,005;;;;;;;;;;;;
A;172;G;N;58;D;DA39776;DA41322;DA41341;N58D;-0,004;0,002;0,001;-0,002;-0,002;-0,002;-0,006;-0,005;-0,005;;;;;;;;;;;;
C;436;T;R;146;C;DA42292, DA44030;DA42444, DA45060;DA42475, DA45443;R146C;-0,002;0,003;0,001;0,000;0,002;-0,002;-0,006;-0,003;-0,003;;;;;;;;;;;;
C;640;T;syn L (CTG->TTG);214;;DA42296;DA42446;DA42477;syn L214 (CTG->TTG);-0,002;0,001;0,000;-0,003;-0,001;-0,002;;-0,002;-0,002;;;;;;;;;;;;
C;603;A;syn A (GCC->GCA);201;;DA42309;DA42452;DA42483;syn A201 (GCC->GCA);-0,002;0,004;0,002;-0,008;-0,002;0,001;-0,001;0,001;;;;;;;;;;;;;
G;362;A;R;121;H;DA39229, DA44028;DA41312;DA41331;R121H;-0,001;0,002;0,001;-0,002;0,001;0,001;-0,002;-0,002;-0,003;;;;;;;;;;;;
C;267;T;syn S (AGC->AGT);89;;DA42312;DA42454, DA45059;DA42485, DA45070;syn S89 (AGC->AGT);-0,001;0,002;0,001;-0,004;-0,002;-0,003;0,000;0,000;0,001;;;;;;;;;;;;
C;335;T;T;112;I;DA42263;DA42426;DA42457;T112I;-0,001;0,004;0,002;-0,008;-0,002;0,000;0,001;0,003;-0,001;;;;;;;;;;;;
T;435;A;syn G (GGT->GGA);145;;DA39796;DA41325;DA41344;syn G145 (GGT->GGA);-0,001;0,003;0,001;0,000;-0,004;-0,004;0,002;0,001;0,000;;;;;;;;;;;;
C;309;T;syn Y (TAC->TAT);103;;DA39214;DA41193;DA41205;syn Y103 (TAC->TAT);-0,001;0,002;0,001;-0,001;-0,002;-0,002;0,002;0,001;-0,003;;;;;;;;;;;;
T;747;A;syn V (GTT->GTA);249;;DA39784;DA41323;DA41342;syn V249 (GTT->GTA);-0,001;0,004;0,002;-0,001;0,001;0,000;0,002;0,001;-0,008;;;;;;;;;;;;
C;51;A;syn A (GCC->GCA);17;;DA39762;DA41319;DA41338;syn A17 (GCC->GCA);-0,001;0,002;0,001;-0,001;-0,003;0,001;-0,001;-0,003;0,001;;;;;;;;;;;;
C;666;T;syn S (AGT->AGC);222;;DA42290;DA42442;DA42473, DA45066;syn S222 (AGT->AGC);-0,001;0,003;0,001;-0,008;-0,001;-0,003;0,000;0,000;0,001;0,001;-0,001;0,000;0,002;0,001;0,000;;;;;;
T;504;C;syn N (AAT->AAC);168;;DA42274;DA42432;DA42463;syn N168 (AAT->AAC);-0,001;0,001;0,001;-0,001;0,000;0,001;-0,003;-0,001;0,000;;;;;;;;;;;;
C;646;A;R;216;S;DA42266;DA42428;DA42459;R216S;-0,001;0,006;0,003;-0,002;0,003;0,002;0,008;-0,007;-0,008;;;;;;;;;;;;
T;87;C;syn N (AAT->AAC);29;;DA42272;DA42430;DA42461;syn N29 (AAT->AAC);0,000;0,002;0,001;0,000;0,000;0,001;0,002;-0,001;-0,003;;;;;;;;;;;;
T;756;A;N;252;K;DA42289, DA44042;DA42441, DA45439;DA42472, DA45440;N252K;0,000;0,005;0,001;-0,010;-0,008;0,000;0,004;0,000;0,004;0,005;0,004;0,002;0,000;-0,002;-0,001;;;;;;
G;282;A;syn Q (CAG->CAA);94;;DA39812;DA41328;DA41347;syn Q94 (CAG->CAA);0,000;0,001;0,000;0,000;-0,001;0,001;0,001;0,000;-0,001;;;;;;;;;;;;
T;631;C;syn L (TTA->CTA);211;;DA39815;DA41329;DA41348;syn L211 (TTA->CTA);0,000;0,001;0,001;0,000;-0,002;0,000;0,001;0,002;0,000;;;;;;;;;;;;
C;393;T;syn S (AGC->AGT);131;;DA39767;DA41320;DA41339;syn S131 (AGC->AGT);0,000;0,002;0,001;0,002;0,002;0,002;-0,001;0,000;-0,002;;;;;;;;;;;;
G;404;T;G;135;V;DA39210, DA44027;DA41191;DA41203;G135V;0,000;0,003;0,001;0,004;0,004;-0,004;-0,001;-0,002;0,000;;;;;;;;;;;;
A;265;T;S;89;C;DA42284;DA42438;DA42469;S89C;0,001;0,003;0,001;-0,002;-0,003;0,001;0,001;0,004;0,000;;;;;;;;;;;;
G;477;A;syn L (TTG->TTA);159;;DA42315;DA42455;DA42486;syn L159 (TTG->TTA);0,001;0,001;0,000;0,001;0,001;0,000;0,001;0,001;0,002;;;;;;;;;;;;
G;621;A;syn S (TCG->TCA);207;;DA42293;DA42445;DA42476;syn S207 (TCG->TCA);0,001;0,004;0,002;-0,005;-0,001;0,002;0,001;0,006;0,003;;;;;;;;;;;;
C;361;T;R;121;C;DA42303;DA42449;DA42480;R121C;0,001;0,004;0,001;-0,002;0,001;0,001;-0,002;-0,002;-0,003;0,001;0,009;0,003;0,001;0,005;0,005;;;;;;
T;783;C;syn F (TTT->TTC);261;;DA42281;DA42435;DA42466;syn F261 (TTT->TTC);0,001;0,006;0,003;-0,006;-0,001;0,002;0,010;0,008;-0,004;;;;;;;;;;;;
C;267;T;syn S (AGC->AGT);89;;DA39218;DA41194;DA41206;syn S89 (AGC->AGT);0,001;0,001;0,000;0,000;0,001;0,001;0,001;0,001;0,003;;;;;;;;;;;;
G;228;A;syn P (CCG->CCA);76;;DA39789;DA41324, DA45058;DA41343, DA45069;syn P76 (CCG->CCA);0,002;0,001;0,000;0,002;0,002;0,002;0,001;0,003;0,001;;;;;;;;;;;;
G;839;A;C;280;Y;DA42317;DA42456, DA45055;DA42487;C280Y;0,003;0,005;0,001;0,006;0,006;0,006;0,009;0,009;0,005;-0,002;-0,002;-0,002;0,006;0,006;0,007;-0,004;-0,004;-0,004;;;
C;382;T;P;128;S;DA42310;DA42453;DA42484;P128S;0,003;0,003;0,001;0,001;0,004;0,003;0,003;0,008;0,009;0,001;0,002;-0,001;0,002;0,003;0,003;;;;;;
G;372;T;E;124;D;DA42305, DA44032;DA42451, DA45061;DA42482, DA45072;E124D;0,003;0,003;0,001;0,005;0,007;0,007;0,003;0,000;-0,001;;;;;;;;;;;;
T;491;C;M;164;T;DA38209, DA44024;DA41185, DA45057;DA41197, DA45444;M164T;0,019;0,011;0,003;0,028;0,030;0,027;0,025;0,022;0,024;0,029;0,028;0,028;0,003;0,002;0,001;0,024;0,024;0,023;0,005;0,003;0,005
;;;;;;;;;;Average s;Average SD;Average SEM;;;;;;;;;;;;;;;;;;
;;;;;;;;;;-0,0763;0,0084;0,0034;;;;;;;;;;;;;;;;;;