Ancestor nt;Gene position;Mutant nt;Ancestor aa;Protein position;Mutant aa;Original strain ;BFP strain;YFP strain;araD mutation;Selection coefficient;Standard deviation;Standard error;s BFP;s BFP;s BFP;s YFP;s YFP;s YFP
;;;;;;DA21869;;;deletion;-1,000;;;;;;;;
T;47;G;L;16;R;DA38789;DA41121;DA41170;L16R;-1,000;;;;;;;;
G;514;T;G;172;C;DA38763;DA41882;DA41883;G172C;-1,000;;;;;;;;
G;559;C;A;187;P;DA38784;;;A187P;-1,000;;;;;;;;
T;685;A;Y;229;N;DA38767;;;Y229N;-1,000;;;;;;;;
G;688;C;G;230;R;DA38797;;;G230R;-1,000;;;;;;;;
C;352;T;H;118;Y;DA38798;DA41129;DA41178;H118Y;-1,000;;;;;;;;
G;528;C;W;176;C;DA38799;;;W176C;-1,000;;;;;;;;
G;574;A;E;192;K;DA38768;DA41103;DA41152;E192K;-0,614;0,024;0,010;-0,578;-0,637;-0,603;-0,601;-0,637;-0,627
T;170;A;V;57;E;DA38759;DA41096;DA41145;V57E;-0,159;0,012;0,005;-0,139;-0,160;-0,154;-0,166;-0,174;-0,163
A;214;C;K;72;Q;DA38794;DA41126;DA41175;K72Q;-0,044;0,008;0,003;-0,046;-0,049;-0,054;-0,030;-0,043;-0,040
A;215;T;K;72;I;DA38756;DA41093;DA41142;K72I;-0,022;0,005;0,002;-0,017;-0,028;-0,017;-0,020;-0,025;-0,026
G;599;A;C;200;Y;DA38758;DA41095;DA41144;C200Y;-0,012;0,003;0,001;-0,009;-0,012;-0,008;-0,013;-0,014;-0,018
C;640;G;L;214;V;DA38793;DA41125;DA41174;L214V;-0,012;0,004;0,002;-0,007;-0,009;-0,015;-0,014;-0,016;-0,009
C;262;G;P;88;A;DA38787;DA41120;DA41169;P88A;-0,006;0,002;0,001;-0,010;-0,006;-0,005;-0,005;-0,005;-0,005
C;477;A;D;159;E;DA38790;DA41122;DA41171;D159E;-0,006;0,003;0,001;-0,010;-0,008;-0,005;-0,003;-0,004;-0,004
A;373;C;T;125;P;DA38777;DA41112;DA43258;T125P;-0,004;0,003;0,001;-0,001;-0,007;0,001;-0,005;-0,007;-0,006
G;97;T;D;33;Y;DA38788;DA41121;DA41170;D33Y;-0,003;0,002;0,001;-0,003;-0,005;-0,006;-0,002;-0,003;-0,001
G;579;T;SYN V (GTG->GTT);193;;DA38791;DA41123;DA41172;syn V193 (GTG->GTT);-0,003;0,001;0,000;-0,003;-0,003;-0,004;-0,003;-0,002;
C;404;A;A;135;E;DA38757;DA41094;DA41143;A135E;-0,003;0,002;0,001;-0,001;-0,002;-0,001;-0,007;-0,005;-0,001
G;633;C;Q;211;H;DA38800;DA41130;DA41179;Q211H;-0,002;0,001;0,000;-0,001;-0,003;-0,002;-0,001;-0,003;-0,001
C;638;T;S;213;F;DA38755;DA41092;DA41141;S213F;-0,002;0,003;0,001;-0,003;0,002;0,000;-0,002;-0,005;-0,003
T;207;G;SYN G (GGT->GGG);69;;DA38776;DA41111;DA41160;syn G69 (GGT->GGG);-0,002;0,002;0,001;0,000;0,001;0,000;-0,004;-0,004;-0,003
C;28;G;L;10;V;DA38772;DA41107;DA41156;L10V;-0,001;0,002;0,001;-0,003;-0,003;-0,003;0,000;0,000;0,000
G;396;C;M;132;I;DA38785;DA41118;DA41167;M132I;-0,001;0,003;0,001;0,001;0,002;0,002;-0,004;-0,005;-0,004
C;232;A;P;78;T;DA38778;DA41113;DA41162;P78T;-0,001;0,002;0,001;-0,002;-0,002;-0,002;0,002;-0,002;
T;450;G;SYN V (GTT->GTG);150;;DA38754;DA41091;DA41140;syn V150 (GTT->GTG);-0,001;0,001;0,001;0,000;-0,002;-0,001;-0,003;-0,001;0,001
G;615;A;SYN P (CCG->CCA);205;;DA38771;DA41106;DA41155;syn P205 (CCG->CCA);-0,001;0,001;0,000;0,000;0,000;-0,001;-0,002;-0,001;-0,002
A;534;T;K;178;N;DA38765;DA41101;DA41150;K178N;-0,001;0,001;0,000;-0,002;0,000;-0,001;0,000;-0,001;-0,001
G;478;C;A;161;P;DA38773;DA41108;DA41157;A161P;-0,001;0,001;0,000;-0,001;-0,002;-0,001;0,000;-0,001;-0,001
C;115;G;L;39;V;DA38792;DA41124, DA43253;DA41173, DA43256;L39V;-0,001;0,001;0,000;-0,002;0,001;0,000;0,000;-0,001;-0,001
A;194;T;E;65;V;DA38764;DA41100;DA41149;E65V;0,000;0,001;0,001;0,001;0,001;0,000;-0,002;-0,002;-0,001
G;418;C;E;140;Q;DA38770;DA43252;DA41154;E140Q;0,000;0,001;0,001;-0,001;-0,001;0,000;-0,002;0,001;0,000
A;373;T;T;125;S;DA38804;DA41133;DA43257;T125S;0,000;0,002;0,001;0,001;0,000;0,000;0,000;-0,005;0,002
C;162;T;SYN D (GAC->GAT);54;;DA38766;DA41102;DA41151;syn D54 (GAC->GAT);0,000;0,002;0,001;-0,002;-0,002;0,002;0,002;-0,001;
C;156;T;SYN T (ACC->ACT);52;;DA38761;DA41098;DA41147;syn T52 (ACC->ACT);0,000;0,001;0,000;-0,001;-0,001;-0,001;0,001;0,001;0,001
T;324;A;SYN G (ACC->ACT);108;;DA38760;DA41097;DA41146;syn G108 (ACC->ACT);0,000;0,002;0,001;-0,001;-0,001;-0,001;0,004;0,002;-0,002
C;19;A;R;7;S;DA38753;DA41090;DA41139;R7S;0,000;0,001;0,000;-0,001;0,000;0,000;0,000;0,001;0,000
A;677;G;K;226;R;DA38796;DA41128;DA41177;K226R;0,000;0,001;0,000;-0,001;0,001;0,000;0,001;0,001;-0,001
C;444;G;SYN V (GTC->GTG);148;;DA38783;DA41117;DA41166;syn V148 (GTC->GTG);0,000;0,003;0,001;0,002;0,002;0,002;-0,005;0,001;0,001
G;591;C;SYN G (GGG->GGC);197;;DA38779;DA41114;DA41163;syn G197 (GGG->GGC);0,001;0,002;0,001;0,002;0,000;0,004;-0,001;-0,001;0,000
C;263;G;P;88;R;DA38780;DA41115;DA41164;P88R;0,001;0,002;0,001;0,002;0,003;0,001;-0,003;0,001;0,001
T;260;A;F;87;I;DA38786;DA41119;DA41168;F87I;0,001;0,002;0,001;0,003;0,001;-0,002;0,000;0,001;0,004
A;340;G;T;114;A;DA38774;DA41109;DA41158;T114A;0,001;0,000;0,000;0,001;0,001;0,001;0,001;0,001;0,002
G;519;T;SYN P (CCG->CCT);173;;DA38775;DA41110;DA41159;syn P173 (CCG->CCT);0,001;0,001;0,000;0,002;0,003;0,001;0,002;0,000;0,000
A;426;C;E;142;D;DA38781;DA41116;DA41165;E142D;0,002;0,003;0,001;0,000;0,003;0,005;0,005;0,000;-0,002
G;153;C;M;51;I;DA38762;DA41099;DA41148;M51I;0,002;0,002;0,001;0,002;0,005;0,000;0,004;0,001;0,002
C;150;A;SYN V (GTC->GTA);50;;DA38795;DA41127;DA41176;syn V50 (GTC->GTA);0,003;0,001;0,000;0,004;0,004;0,002;0,002;0,001;0,002
;;;;;;;;;;Average s;Average SD;Average SEM;;;;;;
;;;;;;;;;;-0,1678;0,0029;0,0012;;;;;;